{
  "train_accuracy": 0.9922720247295209,
  "train_samples": 1294,
  "test_accuracy": 0.5964090554254489,
  "test_precision": 0.6229946524064172,
  "test_recall": 0.6647646219686163,
  "test_f1": 0.6432022084195997,
  "test_samples": 1281,
  "confusion_matrix": {
    "true_negative": 298,
    "false_positive": 282,
    "false_negative": 235,
    "true_positive": 466
  },
  "feature_importance": {
    "net_rating_diff": 0.05201052129268646,
    "away_back_to_back": 0.04988989606499672,
    "win_pct_diff": 0.04285554587841034,
    "away_net_rating": 0.04134145379066467,
    "home_home_win_pct": 0.03914133086800575,
    "home_def_rating": 0.036193717271089554,
    "home_off_rating": 0.035912785679101944,
    "away_pace": 0.0339108407497406,
    "away_rest_days": 0.03322805091738701,
    "h2h_away_wins": 0.03232695534825325,
    "away_ppg_allowed_last_10": 0.03173856809735298,
    "home_rest_days": 0.0315689779818058,
    "away_away_win_pct": 0.031245693564414978,
    "away_ppg_last_10": 0.03023260459303856,
    "home_wins_last_5": 0.030029790475964546,
    "away_def_rating": 0.029939690604805946,
    "home_ppg_last_10": 0.029917987063527107,
    "rest_days_diff": 0.029615551233291626,
    "away_off_rating": 0.029551975429058075,
    "home_ppg_allowed_last_10": 0.029115842655301094,
    "away_win_pct_last_10": 0.028920309618115425,
    "home_pace": 0.028703704476356506,
    "home_win_pct_last_10": 0.026988493278622627,
    "away_win_streak": 0.026612604036927223,
    "h2h_avg_point_diff": 0.02651374787092209,
    "home_losses_last_5": 0.02601333148777485,
    "h2h_home_wins": 0.024658922106027603,
    "home_back_to_back": 0.024039769545197487,
    "away_losses_last_5": 0.02380491979420185,
    "home_net_rating": 0.022209037095308304,
    "home_win_streak": 0.021165035665035248,
    "away_wins_last_5": 0.020602280274033546
  }
}